
INSERT INTO course_genie.professor (professor_id, email, first_name, last_name, user_name) VALUES (1, 'john.doe@university.edu', 'John', 'Doe', 'johndoe');
INSERT INTO course_genie.professor (professor_id, email, first_name, last_name, user_name) VALUES (2, 'jane.smith@university.edu', 'Jane', 'Smith', 'janesmith');
INSERT INTO course_genie.professor (professor_id, email, first_name, last_name, user_name) VALUES (3, 'robert.brown@university.edu', 'Robert', 'Brown', 'robertbrown');
INSERT INTO course_genie.professor (professor_id, email, first_name, last_name, user_name) VALUES (4, 'lisa.white@university.edu', 'Lisa', 'White', 'lisawhite');
INSERT INTO course_genie.professor (professor_id, email, first_name, last_name, user_name) VALUES (5, 'michael.green@university.edu', 'Michael', 'Green', 'michaelgreen');
INSERT INTO course_genie.professor (professor_id, email, first_name, last_name, user_name) VALUES (6, 'user1@course.com', 'First', 'User', 'user1');
INSERT INTO course_genie.professor (professor_id, email, first_name, last_name, user_name) VALUES (7, 'user2@course.com', 'User', 'Two', 'user2');
INSERT INTO course_genie.professor (professor_id, email, first_name, last_name, user_name) VALUES (8, 'axacad5@rit.edu', 'Ali', 'Assi', 'axacad5');
INSERT INTO course_genie.professor (professor_id, email, first_name, last_name, user_name) VALUES (9, 'wascad@rit.edu', 'Wael', 'Abdel Samad', 'wascad');
INSERT INTO course_genie.professor (professor_id, email, first_name, last_name, user_name) VALUES (10, 'mmtcad1@rit.edu', 'Mohamed', 'Abdelraheem', 'mmtcad1');
INSERT INTO course_genie.professor (professor_id, email, first_name, last_name, user_name) VALUES (11, 'omacad@rit.edu', 'Omar', 'Abdul Latif', 'omacad');
INSERT INTO course_genie.professor (professor_id, email, first_name, last_name, user_name) VALUES (12, 'mwacad@rit.edu', 'Mohammed', 'Abdulrahman', 'mwacad');
INSERT INTO course_genie.professor (professor_id, email, first_name, last_name, user_name) VALUES (13, 'otacad@rit.edu', 'Oraib', 'Abu Alganam', 'otacad');
INSERT INTO course_genie.professor (professor_id, email, first_name, last_name, user_name) VALUES (14, 'abdcad@rit.edu', 'Abdelrahman', 'Abuarqoub', 'abdcad');
INSERT INTO course_genie.professor (professor_id, email, first_name, last_name, user_name) VALUES (15, 'raacad@rit.edu', 'Rawan', 'Abusirdaneh', 'raacad');
INSERT INTO course_genie.professor (professor_id, email, first_name, last_name, user_name) VALUES (16, 'sxacada@rit.edu', 'Salameh', 'Ahmad', 'sxacada');
INSERT INTO course_genie.professor (professor_id, email, first_name, last_name, user_name) VALUES (17, 'sxacad7@rit.edu', 'Salma', 'Ahmed', 'sxacad7');
INSERT INTO course_genie.professor (professor_id, email, first_name, last_name, user_name) VALUES (18, 'moacad@rit.edu', 'Mohammed M.', 'Al Ani', 'moacad');
INSERT INTO course_genie.professor (professor_id, email, first_name, last_name, user_name) VALUES (19, 'ymacad@rit.edu', 'Yousef', 'Al Assaf', 'ymacad');
INSERT INTO course_genie.professor (professor_id, email, first_name, last_name, user_name) VALUES (20, 'kxacad@rit.edu', 'Khalil', 'Al Hussaeni', 'kxacad');
INSERT INTO course_genie.professor (professor_id, email, first_name, last_name, user_name) VALUES (21, 'snacad@rit.edu', 'Saad', 'Al Mouhamed', 'snacad');
INSERT INTO course_genie.professor (professor_id, email, first_name, last_name, user_name) VALUES (22, 'waacad@rit.edu', 'Wasan', 'Al Taie', 'waacad');
INSERT INTO course_genie.professor (professor_id, email, first_name, last_name, user_name) VALUES (23, 'zxacad@rit.edu', 'Zainab', 'Al-Zanbouri', 'zxacad');
INSERT INTO course_genie.professor (professor_id, email, first_name, last_name, user_name) VALUES (24, 'mgacad@rit.edu', 'Mahmood', 'Albashayreh', 'mgacad');
-- INSERT INTO course_genie.professor (professor_id, email, first_name, last_name, user_name) VALUES (25, 'axacad5@rit.edu', 'Ali', 'Assi', 'axacad5');
INSERT INTO course_genie.professor (professor_id, email, first_name, last_name, user_name) VALUES (26, 'makcad1@rit.edu', 'Mehtab', 'Khurshid', 'makcad1');
INSERT INTO course_genie.professor (professor_id, email, first_name, last_name, user_name) VALUES (27, 'dxkcad1@rit.edu', 'Danilo', 'Kovacevic', 'dxkcad1');
INSERT INTO course_genie.professor (professor_id, email, first_name, last_name, user_name) VALUES (28, 'qxhcad@rit.edu', 'Qusai', 'Hasan', 'qxhcad');
INSERT INTO course_genie.professor (professor_id, email, first_name, last_name, user_name) VALUES (29, 'hkscad@rit.edu', 'Huda', 'Saadeh', 'hkscad');
INSERT INTO course_genie.professor (professor_id, email, first_name, last_name, user_name) VALUES (30, 'jyscad@rit.edu', 'Jeyalatha', 'Sivaramakrishnan', 'jyscad');


INSERT INTO course_genie.student (student_id, email, first_name, last_name) VALUES ('123456', 'student4@university.edu', 'David', 'Williams');
INSERT INTO course_genie.student (student_id, email, first_name, last_name) VALUES ('321456', 'student1@university.edu', 'Alice', 'Johnson');
INSERT INTO course_genie.student (student_id, email, first_name, last_name) VALUES ('654321', 'student2@university.edu', 'Bob', 'Smith');
INSERT INTO course_genie.student (student_id, email, first_name, last_name) VALUES ('789012', 'student5@university.edu', 'Eva', 'Davis');
INSERT INTO course_genie.student (student_id, email, first_name, last_name) VALUES ('987654', 'student3@university.edu', 'Charlie', 'Brown');


INSERT INTO course_genie.course (course_id, code, credits, description, name, semester) VALUES (1, 'CS101', '3', 'Introduction to Computer Science', 'Computer Science 101', 'Fall 2023');
INSERT INTO course_genie.course (course_id, code, credits, description, name, semester) VALUES (2, 'MATH101', '4', 'Introduction to Mathematics', 'Mathematics 101', 'Spring 2024');
INSERT INTO course_genie.course (course_id, code, credits, description, name, semester) VALUES (3, 'PHYS101', '4', 'Introduction to Physics', 'Physics 101', 'Fall 2023');
INSERT INTO course_genie.course (course_id, code, credits, description, name, semester) VALUES (4, 'CHEM101', '3', 'Introduction to Chemistry', 'Chemistry 101', 'Spring 2024');
INSERT INTO course_genie.course (course_id, code, credits, description, name, semester) VALUES (5, 'ENG101', '3', 'Introduction to English', 'English 101', 'Fall 2023');
INSERT INTO course_genie.course (course_id, code, credits, description, name, semester) VALUES (7, 'CSEC-140', '3', null, 'INTRODUCTION TO CYBERSECURITY', 'Spring 2025');
INSERT INTO course_genie.course (course_id, code, credits, description, name, semester) VALUES (8, 'GCIS-123', '3', null, 'SOFTWARE DEVELOPMENT AND PROBLEM SOLVING I', 'Fall 2023');
INSERT INTO course_genie.course (course_id, code, credits, description, name, semester) VALUES (9, 'GCIS-124', '3', null, 'SOFTWARE DEVELOPMENT AND PROBLEM SOLVING II', 'Spring 2025');
INSERT INTO course_genie.course (course_id, code, credits, description, name, semester) VALUES (10, 'ISTE-140', '3', null, 'WEB & MOBILE I', 'Spring 2025');
INSERT INTO course_genie.course (course_id, code, credits, description, name, semester) VALUES (11, 'ISTE-230', '3', null, 'INTRODUCTION TO DATABASE AND DATA MODELING', 'Spring 2025');
INSERT INTO course_genie.course (course_id, code, credits, description, name, semester) VALUES (12, 'ISTE-240', '3', null, 'WEB & MOBILE II', 'Spring 2025');
INSERT INTO course_genie.course (course_id, code, credits, description, name, semester) VALUES (13, 'ISTE-260', '3', null, 'DESIGNING USER EXPERIENCE', 'Spring 2025');
INSERT INTO course_genie.course (course_id, code, credits, description, name, semester) VALUES (14, 'ISTE-330', '3', null, 'DATABASE CONNECTIVITY AND ACCESS', 'Spring 2025');
INSERT INTO course_genie.course (course_id, code, credits, description, name, semester) VALUES (15, 'ISTE-430', '3', null, 'INFORMATION REQUIREMENT MODELING', 'Spring 2025');
INSERT INTO course_genie.course (course_id, code, credits, description, name, semester) VALUES (16, 'ISTE-470', '3', null, 'DATA MINING AND EXPLORATION', 'Spring 2025');
INSERT INTO course_genie.course (course_id, code, credits, description, name, semester) VALUES (17, 'ISTE-500', '3', null, 'SENIOR DEVELOPMENT PROJECT I', 'Spring 2025');
INSERT INTO course_genie.course (course_id, code, credits, description, name, semester) VALUES (18, 'ISTE-501', '3', null, 'SENIOR DEVELOPMENT PROJECT II', 'Spring 2025');
INSERT INTO course_genie.course (course_id, code, credits, description, name, semester) VALUES (19, 'NSSA-102', '3', null, 'COMPUTER SYSTEM CONCEPTS', 'Spring 2025');
INSERT INTO course_genie.course (course_id, code, credits, description, name, semester) VALUES (20, 'NSSA-220', '3', null, 'TASK AUTOMATION WITH INTERPRETIVE LANGUAGES', 'Spring 2025');
INSERT INTO course_genie.course (course_id, code, credits, description, name, semester) VALUES (21, 'NSSA-221', '3', null, 'SYSTEM ADMINISTRATION I', 'Spring 2025');
INSERT INTO course_genie.course (course_id, code, credits, description, name, semester) VALUES (22, 'NSSA-241', '3', null, 'INTRODUCTION TO ROUTING AND SWITCHING', 'Fall 2023');
INSERT INTO course_genie.course (course_id, code, credits, description, name, semester) VALUES (23, 'NSSA-242', '3', null, 'WIRELESS NETWORKING', 'Spring 2025');
INSERT INTO course_genie.course (course_id, code, credits, description, name, semester) VALUES (24, 'NSSA-244', '3', null, 'VIRTUALIZATION', 'Spring 2025');
INSERT INTO course_genie.course (course_id, code, credits, description, name, semester) VALUES (25, 'NSSA-245', '3', null, 'NETWORK SERVICES', 'Spring 2025');
INSERT INTO course_genie.course (course_id, code, credits, description, name, semester) VALUES (26, 'NSSA-322', '3', null, 'SYSTEM ADMINISTRATION II', 'Spring 2025');
INSERT INTO course_genie.course (course_id, code, credits, description, name, semester) VALUES (27, 'NSSA-341', '3', null, 'VoIP AND UNIFIED COMMUNICATIONS', 'Spring 2025');
INSERT INTO course_genie.course (course_id, code, credits, description, name, semester) VALUES (28, 'NSSA-342', '3', null, 'LARGE SCALE NETWORKING', 'Spring 2025');
INSERT INTO course_genie.course (course_id, code, credits, description, name, semester) VALUES (29, 'NSSA-370', '3', null, 'PROJECT MANAGEMENT', 'Spring 2025');
INSERT INTO course_genie.course (course_id, code, credits, description, name, semester) VALUES (30, 'NSSA-428', '3', null, 'DevOps PRINCIPLES AND PRACTICES', 'Spring 2025');
INSERT INTO course_genie.course (course_id, code, credits, description, name, semester) VALUES (31, 'NSSA-441', '3', null, 'ADVANCED ROUTING AND SWITCHING', 'Spring 2025');
INSERT INTO course_genie.course (course_id, code, credits, description, name, semester) VALUES (32, 'NSSA-443', '3', null, 'Network Designs & Performance', 'Spring 2025');
INSERT INTO course_genie.course (course_id, code, credits, description, name, semester) VALUES (33, 'NSSA-445', '3', null, 'MOBILE AD-HOC AND SENSOR NETWORKS', 'Spring 2025');


INSERT INTO course_genie.section (section_id, code, configured, course_id, professor_id) VALUES (1, 'CS101-01', true, 1, 1);
INSERT INTO course_genie.section (section_id, code, configured, course_id, professor_id) VALUES (2, 'CS101-02', false, 1, 7);
INSERT INTO course_genie.section (section_id, code, configured, course_id, professor_id) VALUES (3, 'MATH101-01', true, 2, 7);
INSERT INTO course_genie.section (section_id, code, configured, course_id, professor_id) VALUES (4, 'PHYS101-01', true, 3, 4);
INSERT INTO course_genie.section (section_id, code, configured, course_id, professor_id) VALUES (5, 'CHEM101-01', true, 4, 5);
INSERT INTO course_genie.section (section_id, code, configured, course_id, professor_id) VALUES (6, 'GCIS123-601', true, 8, 7);
INSERT INTO course_genie.section (section_id, code, configured, course_id, professor_id) VALUES (7, 'CSEC-140-600', true, 7, 28);
INSERT INTO course_genie.section (section_id, code, configured, course_id, professor_id) VALUES (8, 'CSEC-140-601', true, 7, 28);
INSERT INTO course_genie.section (section_id, code, configured, course_id, professor_id) VALUES (9, 'CSEC-140-602', true, 7, 28);
INSERT INTO course_genie.section (section_id, code, configured, course_id, professor_id) VALUES (10, 'CSEC-140-603', true, 7, 28);
INSERT INTO course_genie.section (section_id, code, configured, course_id, professor_id) VALUES (11, 'CSEC-140-604', true, 7, 28);
INSERT INTO course_genie.section (section_id, code, configured, course_id, professor_id) VALUES (12, 'GCIS-123-600', true, 8, 26);
INSERT INTO course_genie.section (section_id, code, configured, course_id, professor_id) VALUES (13, 'GCIS-123-601', true, 8, 30);
INSERT INTO course_genie.section (section_id, code, configured, course_id, professor_id) VALUES (14, 'GCIS-123-602', true, 8, 27);
INSERT INTO course_genie.section (section_id, code, configured, course_id, professor_id) VALUES (15, '600', true, 9, 27);
INSERT INTO course_genie.section (section_id, code, configured, course_id, professor_id) VALUES (16, 'GCIS-124-601', true, 9, 26);
INSERT INTO course_genie.section (section_id, code, configured, course_id, professor_id) VALUES (17, 'GCIS-124-602', true, 9, 26);
INSERT INTO course_genie.section (section_id, code, configured, course_id, professor_id) VALUES (18, 'GCIS-124-603', true, 9, 27);
INSERT INTO course_genie.section (section_id, code, configured, course_id, professor_id) VALUES (19, 'GCIS-124-604', true, 9, 27);
INSERT INTO course_genie.section (section_id, code, configured, course_id, professor_id) VALUES (20, 'GCIS-124-605', true, 9, 26);
INSERT INTO course_genie.section (section_id, code, configured, course_id, professor_id) VALUES (21, 'ISTE-230-600', true, 11, 8);
INSERT INTO course_genie.section (section_id, code, configured, course_id, professor_id) VALUES (22, 'ISTE-230-601', true, 11, 8);
INSERT INTO course_genie.section (section_id, code, configured, course_id, professor_id) VALUES (23, 'NSSA-221-600', true, 21, 13);
INSERT INTO course_genie.section (section_id, code, configured, course_id, professor_id) VALUES (24, 'NSSA-221-601', true, 21, 12);
INSERT INTO course_genie.section (section_id, code, configured, course_id, professor_id) VALUES (25, 'NSSA-221-602', true, 21, 10);
INSERT INTO course_genie.section (section_id, code, configured, course_id, professor_id) VALUES (26, '600', true, 22, 29);
INSERT INTO course_genie.section (section_id, code, configured, course_id, professor_id) VALUES (27, '601', true, 22, 29);
INSERT INTO course_genie.section (section_id, code, configured, course_id, professor_id) VALUES (28, '602', true, 22, 24);
INSERT INTO course_genie.section (section_id, code, configured, course_id, professor_id) VALUES (29, '604', true, 22, 24);
INSERT INTO course_genie.section (section_id, code, configured, course_id, professor_id) VALUES (30, 'NSSA-245-600', true, 25, 14);
INSERT INTO course_genie.section (section_id, code, configured, course_id, professor_id) VALUES (31, 'NSSA-245-601', true, 25, 10);
INSERT INTO course_genie.section (section_id, code, configured, course_id, professor_id) VALUES (32, '602', true, 25, 10);
INSERT INTO course_genie.section (section_id, code, configured, course_id, professor_id) VALUES (33, 'NSSA-245-604', true, 25, 11);
INSERT INTO course_genie.section (section_id, code, configured, course_id, professor_id) VALUES (34, 'NSSA-245-605', true, 25, 14);
INSERT INTO course_genie.section (section_id, code, configured, course_id, professor_id) VALUES (35, 'ISTE-240-600', true, 12, 8);
INSERT INTO course_genie.section (section_id, code, configured, course_id, professor_id) VALUES (36, 'ISTE-240-601', true, 12, 8);
INSERT INTO course_genie.section (section_id, code, configured, course_id, professor_id) VALUES (37, 'ISTE-240-602', true, 12, 18);
INSERT INTO course_genie.section (section_id, code, configured, course_id, professor_id) VALUES (38, 'ISTE-240-603', true, 12, 18);
INSERT INTO course_genie.section (section_id, code, configured, course_id, professor_id) VALUES (39, 'ISTE-430-600', true, 15, 18);
INSERT INTO course_genie.section (section_id, code, configured, course_id, professor_id) VALUES (40, 'ISTE-430-601', true, 15, 18);
INSERT INTO course_genie.section (section_id, code, configured, course_id, professor_id) VALUES (41, 'NSSA-443-600', true, 32, 10);
INSERT INTO course_genie.section (section_id, code, configured, course_id, professor_id) VALUES (200, 'ISTE-230-600', true, 11, 8);
INSERT INTO course_genie.section (section_id, code, configured, course_id, professor_id) VALUES (201, 'ISTE-230-601', true, 11, 8);


INSERT INTO course_genie.syllabus (syllabus_id, content, section_id) VALUES (1, '<p><b>Course Code:</b> MATH101<br><b>Section Code:</b> MATH101-01<br><b>Course Name:</b> Mathematics 101<br><b>Description:</b> Introduction to Mathematics<br><b>Credits:</b> 4<br><b>Semester:</b> Spring 2024<br><b>Professor:</b> User Two<br><br><b>Assessments:</b><br>- Exam (Final)<br>  <b>Max Points:</b> 100<br>  <b>CLOs:</b><br><br>- Assignment (HW3)<br>  <b>Max Points:</b> 50<br>  <b>CLOs:</b><br><br></p>', 3);
INSERT INTO course_genie.syllabus (syllabus_id, content, section_id) VALUES (2, '<p><b>Course Code:</b> GCIS-123<br><b>Section Code:</b> GCIS-123-602<br><b>Course Name:</b> SOFTWARE DEVELOPMENT AND PROBLEM SOLVING I<br><b>Description:</b> null<br><b>Credits:</b> 3<br><b>Semester:</b> Spring 2025<br><b>Professor:</b> Danilo Kovacevic<br><br><b>Assessments:</b><br></p>', 14);
INSERT INTO course_genie.syllabus (syllabus_id, content, section_id) VALUES (3, '<p><b>Course Code:</b> GCIS-124<br><b>Section Code:</b> GCIS-124-600<br><b>Course Name:</b> SOFTWARE DEVELOPMENT AND PROBLEM SOLVING II<br><b>Description:</b> null<br><b>Credits:</b> 3<br><b>Semester:</b> Spring 2025<br><b>Professor:</b> Danilo Kovacevic<br><br><b>Assessments:</b><br>- Quiz (QZ)<br>  <b>Max Points:</b> 20<br>  <b>CLOs:</b><br>    - GCIS-124-1: Describe the basic abstractions and constructs of a selected contemporary, object-oriented programming language.<br><br>- PE (PE)<br>  <b>Max Points:</b> 40<br>  <b>CLOs:</b><br>    - GCIS-124-2: Describe and apply problem-solving skills that are appropriate to solve a variety of computing problems of varying degrees of difficulty and complexity.<br><br>- Midterm Exam  (ME)<br>  <b>Max Points:</b> 20<br>  <b>CLOs:</b><br>    - GCIS-124-1: Describe the basic abstractions and constructs of a selected contemporary, object-oriented programming language.<br>    - GCIS-124-2: Describe and apply problem-solving skills that are appropriate to solve a variety of computing problems of varying degrees of difficulty and complexity.<br><br>- Final Exam  (FE)<br>  <b>Max Points:</b> 20<br>  <b>CLOs:</b><br>    - GCIS-124-3: Describe and apply a variety of algorithms and data structures to implement solutions to a variety of computing problems of varying degrees of difficulty and complexity.<br>    - GCIS-124-4: Apply fundamentals of software engineering including software design, testing, and incremental development.<br><br></p>', 15);
INSERT INTO course_genie.syllabus (syllabus_id, content, section_id) VALUES (4, '<p><b>Course Code:</b> NSSA-241<br><b>Section Code:</b> NSSA-241-601<br><b>Course Name:</b> INTRODUCTION TO ROUTING AND SWITCHING<br><b>Description:</b> null<br><b>Credits:</b> 3<br><b>Semester:</b> Spring 2025<br><b>Professor:</b> Huda Saadeh<br><br><b>Assessments:</b><br>- Quiz (QZ1)<br>  <b>Max Points:</b> 5<br>  <b>CLOs:</b><br>    - NSSA-241-1: Locate, synthesize, and discuss current RFCs, IEEE standards, and other related standards, as well as describe the standards bodies and the standardization process as they apply to local area networking.<br><br>- Quiz (QZ2)<br>  <b>Max Points:</b> 5<br>  <b>CLOs:</b><br>    - NSSA-241-2: Compare and contrast the OSI and TCP/IP models as they apply to contemporary communication protocols with a focus on layers 1, 2, and 3.<br><br>- Quiz (QZ3)<br>  <b>Max Points:</b> 5<br>  <b>CLOs:</b><br>    - NSSA-241-2: Compare and contrast the OSI and TCP/IP models as they apply to contemporary communication protocols with a focus on layers 1, 2, and 3.<br>    - NSSA-241-1: Locate, synthesize, and discuss current RFCs, IEEE standards, and other related standards, as well as describe the standards bodies and the standardization process as they apply to local area networking.<br><br>- Quiz (QZ4)<br>  <b>Max Points:</b> 5<br>  <b>CLOs:</b><br>    - NSSA-241-2: Compare and contrast the OSI and TCP/IP models as they apply to contemporary communication protocols with a focus on layers 1, 2, and 3.<br>    - NSSA-241-3: Explain the specifications of contemporary data network protocols.<br><br>- Practical Exam (PE1)<br>  <b>Max Points:</b> 5<br>  <b>CLOs:</b><br>    - NSSA-241-1: Locate, synthesize, and discuss current RFCs, IEEE standards, and other related standards, as well as describe the standards bodies and the standardization process as they apply to local area networking.<br><br>- Practical Exam (PE2)<br>  <b>Max Points:</b> 5<br>  <b>CLOs:</b><br>    - NSSA-241-2: Compare and contrast the OSI and TCP/IP models as they apply to contemporary communication protocols with a focus on layers 1, 2, and 3.<br><br>- Practical Exam (PE3)<br>  <b>Max Points:</b> 5<br>  <b>CLOs:</b><br>    - NSSA-241-3: Explain the specifications of contemporary data network protocols.<br><br>- Practical Exam (PE4)<br>  <b>Max Points:</b> 5<br>  <b>CLOs:</b><br>    - NSSA-241-4: Explain the basic operation and characteristics of internetworking devices such as hubs, bridges, switches, routers, gateways, and firewalls.<br><br>- Midterm (ME)<br>  <b>Max Points:</b> 20<br>  <b>CLOs:</b><br>    - NSSA-241-1: Locate, synthesize, and discuss current RFCs, IEEE standards, and other related standards, as well as describe the standards bodies and the standardization process as they apply to local area networking.<br>    - NSSA-241-2: Compare and contrast the OSI and TCP/IP models as they apply to contemporary communication protocols with a focus on layers 1, 2, and 3.<br>    - NSSA-241-3: Explain the specifications of contemporary data network protocols.<br><br>- Project (PJ)<br>  <b>Max Points:</b> 20<br>  <b>CLOs:</b><br>    - NSSA-241-3: Explain the specifications of contemporary data network protocols.<br>    - NSSA-241-4: Explain the basic operation and characteristics of internetworking devices such as hubs, bridges, switches, routers, gateways, and firewalls.<br>    - NSSA-241-5: Use and explain common network utilities for both the Windows and Linux operating systems.<br><br>- Final Exam (FE)<br>  <b>Max Points:</b> 20<br>  <b>CLOs:</b><br>    - NSSA-241-1: Locate, synthesize, and discuss current RFCs, IEEE standards, and other related standards, as well as describe the standards bodies and the standardization process as they apply to local area networking.<br>    - NSSA-241-2: Compare and contrast the OSI and TCP/IP models as they apply to contemporary communication protocols with a focus on layers 1, 2, and 3.<br>    - NSSA-241-3: Explain the specifications of contemporary data network protocols.<br>    - NSSA-241-4: Explain the basic operation and characteristics of internetworking devices such as hubs, bridges, switches, routers, gateways, and firewalls.<br>    - NSSA-241-5: Use and explain common network utilities for both the Windows and Linux operating systems.<br><br></p>', 27);
INSERT INTO course_genie.syllabus (syllabus_id, content, section_id) VALUES (5, '<p><b>Course Code:</b> NSSA-241<br><b>Section Code:</b> 600<br><b>Course Name:</b> INTRODUCTION TO ROUTING AND SWITCHING<br><b>Description:</b> null<br><b>Credits:</b> 3<br><b>Semester:</b> Fall 2023<br><b>Professor:</b> Huda Saadeh<br><br><b>Assessments:</b><br>- Quiz (QZ1)<br>  <b>Max Points:</b> 5<br>  <b>CLOs:</b><br>    - 3: Explain the specifications of contemporary data network protocols.<br><br>- Quiz-2 (QZ2)<br>  <b>Max Points:</b> 5<br>  <b>CLOs:</b><br>    - 2: Compare and contrast the OSI and TCP/IP models as they apply to contemporary communication protocols with a focus on layers 1, 2, and 3.<br>    - 3: Explain the specifications of contemporary data network protocols.<br><br>- PE-1 (PE-1)<br>  <b>Max Points:</b> 20<br>  <b>CLOs:</b><br>    - 1: Locate, synthesize, and discuss current RFCs, IEEE standards, and other related standards, as well as describe the standards bodies and the standardization process as they apply to local area networking.<br><br>- PE-2 (PE-2)<br>  <b>Max Points:</b> 20<br>  <b>CLOs:</b><br>    - 2: Compare and contrast the OSI and TCP/IP models as they apply to contemporary communication protocols with a focus on layers 1, 2, and 3.<br><br>- Final Exam  (FE)<br>  <b>Max Points:</b> 20<br>  <b>CLOs:</b><br>    - 1: Locate, synthesize, and discuss current RFCs, IEEE standards, and other related standards, as well as describe the standards bodies and the standardization process as they apply to local area networking.<br>    - 5: Use and explain common network utilities for both the Windows and Linux operating systems.<br><br>- Final Exam  (FE)<br>  <b>Max Points:</b> 20<br>  <b>CLOs:</b><br>    - 3: Explain the specifications of contemporary data network protocols.<br>    - 4: Explain the basic operation and characteristics of internetworking devices such as hubs, bridges, switches, routers, gateways, and firewalls.<br>    - 5: Use and explain common network utilities for both the Windows and Linux operating systems.<br><br></p>', 26);


INSERT INTO course_genie.clo (clo_id, description, name, course_id) VALUES (1, 'Understand basic programming concepts', 'CLO1', 1);
INSERT INTO course_genie.clo (clo_id, description, name, course_id) VALUES (2, 'Write simple programs in Python', 'CLO2', 1);
INSERT INTO course_genie.clo (clo_id, description, name, course_id) VALUES (3, 'Understand data structures', 'CLO3', 1);
INSERT INTO course_genie.clo (clo_id, description, name, course_id) VALUES (4, 'Solve problems using algorithms', 'CLO4', 1);
INSERT INTO course_genie.clo (clo_id, description, name, course_id) VALUES (5, 'Understand object-oriented programming', 'CLO5', 1);
INSERT INTO course_genie.clo (clo_id, description, name, course_id) VALUES (6, 'Debug and test code', 'CLO6', 1);
INSERT INTO course_genie.clo (clo_id, description, name, course_id) VALUES (7, 'Work with version control systems', 'CLO7', 1);
INSERT INTO course_genie.clo (clo_id, description, name, course_id) VALUES (8, 'Understand software development life cycle', 'CLO8', 1);
INSERT INTO course_genie.clo (clo_id, description, name, course_id) VALUES (9, 'Collaborate in team projects', 'CLO9', 1);
INSERT INTO course_genie.clo (clo_id, description, name, course_id) VALUES (10, 'Present technical solutions', 'CLO10', 1);
INSERT INTO course_genie.clo (clo_id, description, name, course_id) VALUES (11, '', '', 2);
INSERT INTO course_genie.clo (clo_id, description, name, course_id) VALUES (12, 'Apply principles of cybersecurity to analyze the risk associated with many information system types and provide broad recommendations for how to improve security.', 'CSEC-140-1', 7);
INSERT INTO course_genie.clo (clo_id, description, name, course_id) VALUES (13, 'Discuss the application of basic cryptographic concepts to securing authentication mechanisms, data at rest, and data in transit.', 'CSEC-140-2', 7);
INSERT INTO course_genie.clo (clo_id, description, name, course_id) VALUES (14, 'Identify non-technical elements that could impact the security of an organization or system.', 'CSEC-140-3', 7);
INSERT INTO course_genie.clo (clo_id, description, name, course_id) VALUES (15, 'Discuss ethical issues involved in cybersecurity and the impact of cybersecurity on society.', 'CSEC-140-4', 7);
INSERT INTO course_genie.clo (clo_id, description, name, course_id) VALUES (16, 'Describe the basic constructs of a selected contemporary, high-level programming language.', 'GCIS-123-1', 8);
INSERT INTO course_genie.clo (clo_id, description, name, course_id) VALUES (17, 'Describe and apply problem-solving skills that are appropriate to solve a variety of computing problems of varying degrees of difficulty and complexity.', 'GCIS-123-2', 8);
INSERT INTO course_genie.clo (clo_id, description, name, course_id) VALUES (18, 'Describe and apply a variety of algorithms and data structures to implement solutions to a variety of computing problems of varying degrees of difficulty and complexity.', 'GCIS-123-3', 8);
INSERT INTO course_genie.clo (clo_id, description, name, course_id) VALUES (19, 'Describe and apply fundamental concepts of software engineering including understanding needs, software design, solution testing, and incremental development.', 'GCIS-123-4', 8);
INSERT INTO course_genie.clo (clo_id, description, name, course_id) VALUES (20, 'Describe the basic abstractions and constructs of a selected contemporary, object-oriented programming language.', 'GCIS-124-1', 9);
INSERT INTO course_genie.clo (clo_id, description, name, course_id) VALUES (21, 'Describe and apply problem-solving skills that are appropriate to solve a variety of computing problems of varying degrees of difficulty and complexity.', 'GCIS-124-2', 9);
INSERT INTO course_genie.clo (clo_id, description, name, course_id) VALUES (22, 'Describe and apply a variety of algorithms and data structures to implement solutions to a variety of computing problems of varying degrees of difficulty and complexity.', 'GCIS-124-3', 9);
INSERT INTO course_genie.clo (clo_id, description, name, course_id) VALUES (23, 'Apply fundamentals of software engineering including software design, testing, and incremental development.', 'GCIS-124-4', 9);
INSERT INTO course_genie.clo (clo_id, description, name, course_id) VALUES (24, 'Perform basic file and directory management tasks in the UNIX environment, such as creating, deleting, and renaming items and changing access permissions.', 'ISTE-140-1', 10);
INSERT INTO course_genie.clo (clo_id, description, name, course_id) VALUES (25, 'Identify and describe components of digital images, and video, including file formats, resolution, color models, and compression methods.', 'ISTE-140-2', 10);
INSERT INTO course_genie.clo (clo_id, description, name, course_id) VALUES (26, 'Create valid web pages using current standard markup languages and style sheets.', 'ISTE-140-3', 10);
INSERT INTO course_genie.clo (clo_id, description, name, course_id) VALUES (27, 'Identify and implement basic principles of design for the Web, including contrast, alignment, proximity, repetition, and effective use of color.', 'ISTE-140-4', 10);
INSERT INTO course_genie.clo (clo_id, description, name, course_id) VALUES (28, 'Utilize the Macintosh operating environment and applications for web development tasks.', 'ISTE-140-5', 10);
INSERT INTO course_genie.clo (clo_id, description, name, course_id) VALUES (29, 'Read and Interpret an entity-relationship (E-R) model diagram and map the E-R model into a relationship model.', 'ISTE-230-1', 11);
INSERT INTO course_genie.clo (clo_id, description, name, course_id) VALUES (30, 'Apply the techniques of normalization to a relational model.', 'ISTE-230-2', 11);
INSERT INTO course_genie.clo (clo_id, description, name, course_id) VALUES (31, 'Apply relational database theory to create a database that supports data integrity.', 'ISTE-230-3', 11);
INSERT INTO course_genie.clo (clo_id, description, name, course_id) VALUES (32, 'Demonstrate security practices for protecting personal and other sensitive information.', 'ISTE-230-4', 11);
INSERT INTO course_genie.clo (clo_id, description, name, course_id) VALUES (33, 'Demonstrate the ability to manipulate data using conventional techniques.', 'ISTE-230-5', 11);
INSERT INTO course_genie.clo (clo_id, description, name, course_id) VALUES (34, 'Demonstrate proficiency in web site design, planning, and documentation as part of a team.', 'ISTE-240-1', 12);
INSERT INTO course_genie.clo (clo_id, description, name, course_id) VALUES (35, 'Use information design, graphics, and markup languages to create medium-scale web sites.', 'ISTE-240-2', 12);
INSERT INTO course_genie.clo (clo_id, description, name, course_id) VALUES (36, 'Implement a relational model and manipulate the data structure using SQL.', 'ISTE-240-3', 12);
INSERT INTO course_genie.clo (clo_id, description, name, course_id) VALUES (37, 'Apply relational algebra operations to manipulate data stored in relational form.', 'ISTE-240-4', 12);
INSERT INTO course_genie.clo (clo_id, description, name, course_id) VALUES (38, 'Analyze and interpret the data collected to develop appropriate requirements to be used in product design.', 'ISTE-260-1', 13);
INSERT INTO course_genie.clo (clo_id, description, name, course_id) VALUES (39, 'Develop and use personas and task scenarios to formulate and write usability goals.', 'ISTE-260-2', 13);
INSERT INTO course_genie.clo (clo_id, description, name, course_id) VALUES (40, 'Iteratively design and prototype an interactive system.', 'ISTE-260-3', 13);
INSERT INTO course_genie.clo (clo_id, description, name, course_id) VALUES (41, 'Perform and document a heuristic evaluation.', 'ISTE-260-4', 13);
INSERT INTO course_genie.clo (clo_id, description, name, course_id) VALUES (42, 'Work effectively in small teams.', 'ISTE-260-5', 13);
INSERT INTO course_genie.clo (clo_id, description, name, course_id) VALUES (43, 'Apply basic object-oriented programming (OOP) techniques in the development of database-driven applications.', 'ISTE-330-1', 14);
INSERT INTO course_genie.clo (clo_id, description, name, course_id) VALUES (44, 'Implement fully functional database interfaces utilizing various data access APIs such as ODBC, JDBC, etc.', 'ISTE-330-2', 14);
INSERT INTO course_genie.clo (clo_id, description, name, course_id) VALUES (45, 'Implement a connection to, and issue queries against, different DBMSs.', 'ISTE-330-3', 14);
INSERT INTO course_genie.clo (clo_id, description, name, course_id) VALUES (46, 'Discuss and implement various standard data access techniques designed to improve DBMS connectivity and access performance.', 'ISTE-330-4', 14);
INSERT INTO course_genie.clo (clo_id, description, name, course_id) VALUES (47, 'Compare and contrast similarities and differences between various popular data access APIs, such as DAO, RDO, ADO, ODBC, JDBC, etc.', 'ISTE-330-5', 14);
INSERT INTO course_genie.clo (clo_id, description, name, course_id) VALUES (48, 'Prepare a requirements document, containing both text and models that can be used to implement a relational DBMS.', 'ISTE-430-1', 15);
INSERT INTO course_genie.clo (clo_id, description, name, course_id) VALUES (49, 'Compare and contrast the conceptual, logical, and physical modeling processes and state the relationship among them.', 'ISTE-430-2', 15);
INSERT INTO course_genie.clo (clo_id, description, name, course_id) VALUES (50, 'Apply dataflow diagramming, entity-relationship modeling, and state process modeling techniques to requirements analysis.', 'ISTE-430-3', 15);
INSERT INTO course_genie.clo (clo_id, description, name, course_id) VALUES (51, 'Identify, model, and explain valid business rules and identify appropriate attribute domains and constraints.', 'ISTE-430-4', 15);
INSERT INTO course_genie.clo (clo_id, description, name, course_id) VALUES (52, 'Apply advanced normalization techniques to a relational model.', 'ISTE-430-5', 15);
INSERT INTO course_genie.clo (clo_id, description, name, course_id) VALUES (53, 'Formulate questions for subsequent analytical problem-solving.', 'ISTE-470-1', 16);
INSERT INTO course_genie.clo (clo_id, description, name, course_id) VALUES (54, 'Identify and discuss potential ethical concerns of stakeholders.', 'ISTE-470-2', 16);
INSERT INTO course_genie.clo (clo_id, description, name, course_id) VALUES (55, 'Explain the key ideas underlying data analytics and mining.', 'ISTE-470-3', 16);
INSERT INTO course_genie.clo (clo_id, description, name, course_id) VALUES (56, 'Apply analytical tools to data collections.', 'ISTE-470-4', 16);
INSERT INTO course_genie.clo (clo_id, description, name, course_id) VALUES (57, 'Interpret the results of applying analytical and exploratory methods.', 'ISTE-470-5', 16);
INSERT INTO course_genie.clo (clo_id, description, name, course_id) VALUES (58, 'Apply requirements elicitation methods in an extra-classroom environment.', 'ISTE-500-1', 17);
INSERT INTO course_genie.clo (clo_id, description, name, course_id) VALUES (59, 'Architect an effective, user-centric solution.', 'ISTE-500-2', 17);
INSERT INTO course_genie.clo (clo_id, description, name, course_id) VALUES (60, 'Apply contemporary software development practices.', 'ISTE-500-3', 17);
INSERT INTO course_genie.clo (clo_id, description, name, course_id) VALUES (61, 'Create and document a proper project plan.', 'ISTE-500-4', 17);
INSERT INTO course_genie.clo (clo_id, description, name, course_id) VALUES (62, 'Design and evaluate domain-sensitive end-user experiences.', 'ISTE-501-1', 18);
INSERT INTO course_genie.clo (clo_id, description, name, course_id) VALUES (63, 'Apply contemporary software development practices.', 'ISTE-501-2', 18);
INSERT INTO course_genie.clo (clo_id, description, name, course_id) VALUES (64, 'Develop and deploy n-tier, integrated, user-centric computing systems.', 'ISTE-501-3', 18);
INSERT INTO course_genie.clo (clo_id, description, name, course_id) VALUES (65, 'Create system and user documentation suitable for continued project support and operation.', 'ISTE-501-4', 18);
INSERT INTO course_genie.clo (clo_id, description, name, course_id) VALUES (66, 'Identify the different computer system components (CPU, Motherboard, Memory, Peripherals, etc.).', 'NSSA-102-1', 19);
INSERT INTO course_genie.clo (clo_id, description, name, course_id) VALUES (67, 'Demonstrate competence of basic hardware/software operation using assembly language.', 'NSSA-102-2', 19);
INSERT INTO course_genie.clo (clo_id, description, name, course_id) VALUES (68, 'Demonstrate competence of multiple OS loading in a VM environment.', 'NSSA-102-3', 19);
INSERT INTO course_genie.clo (clo_id, description, name, course_id) VALUES (69, 'Demonstrate competence in number system conversions (bases 2, 8, 10, 16) and binary arithmetic.', 'NSSA-102-4', 19);
INSERT INTO course_genie.clo (clo_id, description, name, course_id) VALUES (70, 'Demonstrate knowledge of ethical issues with respect to computing and data usage.', 'NSSA-102-5', 19);
INSERT INTO course_genie.clo (clo_id, description, name, course_id) VALUES (71, 'Apply basic literacy-level capabilities with the Linux operating system.', 'NSSA-220-1', 20);
INSERT INTO course_genie.clo (clo_id, description, name, course_id) VALUES (72, 'Solve and implement problems that include basic control structures and data structures.', 'NSSA-220-2', 20);
INSERT INTO course_genie.clo (clo_id, description, name, course_id) VALUES (73, 'Implement scripting with a high-level scripting language.', 'NSSA-220-3', 20);
INSERT INTO course_genie.clo (clo_id, description, name, course_id) VALUES (74, 'Solve problems and implement scripting with the Linux Bash shell language.', 'NSSA-220-4', 20);
INSERT INTO course_genie.clo (clo_id, description, name, course_id) VALUES (75, 'Apply file processing and data filtering commands in scripting languages.', 'NSSA-220-5', 20);
INSERT INTO course_genie.clo (clo_id, description, name, course_id) VALUES (76, 'Identify and describe the roles and responsibilities of a Systems Administrator.', 'NSSA-221-1', 21);
INSERT INTO course_genie.clo (clo_id, description, name, course_id) VALUES (77, 'Understand enterprise network security requirements.', 'NSSA-221-2', 21);
INSERT INTO course_genie.clo (clo_id, description, name, course_id) VALUES (78, 'Develop System Administration skills according to standards in the field.', 'NSSA-221-3', 21);
INSERT INTO course_genie.clo (clo_id, description, name, course_id) VALUES (79, 'Understand basic network security concepts related to Systems Administration.', 'NSSA-221-4', 21);
INSERT INTO course_genie.clo (clo_id, description, name, course_id) VALUES (80, 'Develop skills to write scripts to automate common System Administration tasks.', 'NSSA-221-5', 21);
INSERT INTO course_genie.clo (clo_id, description, name, course_id) VALUES (81, 'Locate, synthesize, and discuss current RFCs, IEEE standards, and other related standards, as well as describe the standards bodies and the standardization process as they apply to local area networking.', '1', 22);
INSERT INTO course_genie.clo (clo_id, description, name, course_id) VALUES (82, 'Compare and contrast the OSI and TCP/IP models as they apply to contemporary communication protocols with a focus on layers 1, 2, and 3.', '2', 22);
INSERT INTO course_genie.clo (clo_id, description, name, course_id) VALUES (83, 'Explain the specifications of contemporary data network protocols.', '3', 22);
INSERT INTO course_genie.clo (clo_id, description, name, course_id) VALUES (84, 'Explain the basic operation and characteristics of internetworking devices such as hubs, bridges, switches, routers, gateways, and firewalls.', '4', 22);
INSERT INTO course_genie.clo (clo_id, description, name, course_id) VALUES (85, 'Use and explain common network utilities for both the Windows and Linux operating systems.', '5', 22);
INSERT INTO course_genie.clo (clo_id, description, name, course_id) VALUES (86, 'Explain theoretical underpinnings as they apply to wireless data networking.', 'NSSA-242-1', 23);
INSERT INTO course_genie.clo (clo_id, description, name, course_id) VALUES (87, 'Analyze and explain various modulation techniques and differentiate between the specifics of each.', 'NSSA-242-2', 23);
INSERT INTO course_genie.clo (clo_id, description, name, course_id) VALUES (88, 'State the various sources of attenuation or loss in a wireless data network and explain them and calculate indices of these losses.', 'NSSA-242-3', 23);
INSERT INTO course_genie.clo (clo_id, description, name, course_id) VALUES (89, 'Demonstrate understanding of specific antenna principles such as pattern beam-width, bandwidth, polarization, and gain.', 'NSSA-242-4', 23);
INSERT INTO course_genie.clo (clo_id, description, name, course_id) VALUES (90, 'Illustrate the process for the design of wireless data network links including needs assessment, site surveys, link budgets, estimated isotropic radiated power, and received signal strength.', 'NSSA-242-5', 23);
INSERT INTO course_genie.clo (clo_id, description, name, course_id) VALUES (91, 'Build virtual local area networks (VLANs).', 'NSSA-244-1', 24);
INSERT INTO course_genie.clo (clo_id, description, name, course_id) VALUES (92, 'Deploy virtual desktop infrastructure (VDI).', 'NSSA-244-2', 24);
INSERT INTO course_genie.clo (clo_id, description, name, course_id) VALUES (93, 'Control and manage a virtual environment.', 'NSSA-244-3', 24);
INSERT INTO course_genie.clo (clo_id, description, name, course_id) VALUES (94, 'Describe protocols and implementation strategies surrounding DHCP servers in Windows and Linux environments.', 'NSSA-245-1', 25);
INSERT INTO course_genie.clo (clo_id, description, name, course_id) VALUES (95, 'Describe protocols and implementation strategies surrounding DNS servers in both Windows and Linux environments.', 'NSSA-245-2', 25);
INSERT INTO course_genie.clo (clo_id, description, name, course_id) VALUES (96, 'Demonstrate knowledge of Voice over IP devices, protocols, and deployment strategies.', 'NSSA-245-3', 25);
INSERT INTO course_genie.clo (clo_id, description, name, course_id) VALUES (97, 'Explain the benefits of using the Secure Shell for remote administration.', 'NSSA-245-4', 25);
INSERT INTO course_genie.clo (clo_id, description, name, course_id) VALUES (98, 'Demonstrate the ability to analyze network traffic.', 'NSSA-245-5', 25);
INSERT INTO course_genie.clo (clo_id, description, name, course_id) VALUES (99, 'Demonstrate knowledge and application of protocols with emphasis on TCP/IP versions.', 'NSSA-322-1', 26);
INSERT INTO course_genie.clo (clo_id, description, name, course_id) VALUES (100, 'Describe protocols and implementation and deployment strategies surrounding Unified Communications, DHCP servers, and DNS servers in both the Windows and Linux environments.', 'NSSA-322-2', 26);
INSERT INTO course_genie.clo (clo_id, description, name, course_id) VALUES (101, 'Explain the benefits of using the Secure Shell for remote administration.', 'NSSA-322-3', 26);
INSERT INTO course_genie.clo (clo_id, description, name, course_id) VALUES (102, 'Explain the function of network authentication methods with emphasis on Kerberos.', 'NSSA-322-4', 26);
INSERT INTO course_genie.clo (clo_id, description, name, course_id) VALUES (103, 'Deploy services such as file sharing, web services, DHCP, DNS, SSH, and user authentication.', 'NSSA-322-5', 26);
INSERT INTO course_genie.clo (clo_id, description, name, course_id) VALUES (104, 'Discuss and explain both traditional and next-generation IP-based telephony technologies, emerging systems, and protocols.', 'NSSA-341-1', 27);
INSERT INTO course_genie.clo (clo_id, description, name, course_id) VALUES (105, 'Explain the theory and operation of various remote access technologies.', 'NSSA-341-2', 27);
INSERT INTO course_genie.clo (clo_id, description, name, course_id) VALUES (106, 'Describe the issues associated with telephony integration and the operation of these networks.', 'NSSA-341-3', 27);
INSERT INTO course_genie.clo (clo_id, description, name, course_id) VALUES (107, 'Understand the installation and maintenance of traditional local loop wiring.', 'NSSA-341-4', 27);
INSERT INTO course_genie.clo (clo_id, description, name, course_id) VALUES (108, 'Understand the installation and maintenance of emerging Voice Over IP (VoIP) applications.', 'NSSA-341-5', 27);
INSERT INTO course_genie.clo (clo_id, description, name, course_id) VALUES (109, 'Understand the installation and maintenance of an enterprise-level VoIP solution.', 'NSSA-341-6', 27);
INSERT INTO course_genie.clo (clo_id, description, name, course_id) VALUES (110, 'Describe the concepts of throughput, delay, and jitter.', 'NSSA-342-1', 28);
INSERT INTO course_genie.clo (clo_id, description, name, course_id) VALUES (111, 'Describe the needs of users and the constraints of hardware and software used for managing the voice application systems.', 'NSSA-342-2', 28);
INSERT INTO course_genie.clo (clo_id, description, name, course_id) VALUES (112, 'Explain the operation and integration of contemporary quality of service protocols.', 'NSSA-342-3', 28);
INSERT INTO course_genie.clo (clo_id, description, name, course_id) VALUES (113, 'Explain the operation and integration of contemporary real-time transport protocols.', 'NSSA-342-4', 28);
INSERT INTO course_genie.clo (clo_id, description, name, course_id) VALUES (114, 'Explain the evolution, operation, and integration of the SIP protocol.', 'NSSA-342-5', 28);
INSERT INTO course_genie.clo (clo_id, description, name, course_id) VALUES (115, 'Construct and configure a VoIP system as well as analyze its performance.', 'NSSA-342-6', 28);
INSERT INTO course_genie.clo (clo_id, description, name, course_id) VALUES (116, 'Integrate and migrate traditional telephony systems to production VoIP solutions.', 'NSSA-342-7', 28);
INSERT INTO course_genie.clo (clo_id, description, name, course_id) VALUES (117, 'Compare/contrast different project lifecycle models.', 'NSSA-370-1', 29);
INSERT INTO course_genie.clo (clo_id, description, name, course_id) VALUES (118, 'Demonstrate competence in using the basic functionality of a scheduling tool.', 'NSSA-370-2', 29);
INSERT INTO course_genie.clo (clo_id, description, name, course_id) VALUES (119, 'Demonstrate a basic knowledge of the common pitfalls in unsuccessful projects.', 'NSSA-370-3', 29);
INSERT INTO course_genie.clo (clo_id, description, name, course_id) VALUES (120, 'Demonstrate knowledge of the ethical issues with respect to project management.', 'NSSA-370-4', 29);
INSERT INTO course_genie.clo (clo_id, description, name, course_id) VALUES (121, 'Identify the major project documentation documents required after project completion.', 'NSSA-370-5', 29);
INSERT INTO course_genie.clo (clo_id, description, name, course_id) VALUES (122, 'Explain and assess the key principles, concepts, and practices related to DevOps.', 'NSSA-428-1', 30);
INSERT INTO course_genie.clo (clo_id, description, name, course_id) VALUES (123, 'Analyze DevOps best practices and how they should be applied to Information Technology operations.', 'NSSA-428-2', 30);
INSERT INTO course_genie.clo (clo_id, description, name, course_id) VALUES (124, 'Apply containerization of applications and the role of containers in modern software deployments.', 'NSSA-428-3', 30);
INSERT INTO course_genie.clo (clo_id, description, name, course_id) VALUES (125, 'Implement orchestration of containerized applications.', 'NSSA-428-4', 30);
INSERT INTO course_genie.clo (clo_id, description, name, course_id) VALUES (126, 'Utilize continuous delivery and the components of the CI/CD pipeline.', 'NSSA-428-5', 30);
INSERT INTO course_genie.clo (clo_id, description, name, course_id) VALUES (127, 'Utilize version control systems and explore different methods for software testing and deployment.', 'NSSA-428-6', 30);
INSERT INTO course_genie.clo (clo_id, description, name, course_id) VALUES (128, 'Design, build, and implement microservice architecture.', 'NSSA-428-7', 30);
INSERT INTO course_genie.clo (clo_id, description, name, course_id) VALUES (129, 'Analyze real-world case studies and apply the learned principles to their projects.', 'NSSA-428-8', 30);
INSERT INTO course_genie.clo (clo_id, description, name, course_id) VALUES (130, 'Develop and present a project that applies DevOps principles and practices to address real-world software deployment and operational challenges.', 'NSSA-428-9', 30);
INSERT INTO course_genie.clo (clo_id, description, name, course_id) VALUES (131, 'Identify and describe the NAT header manipulations.', 'NSSA-441-1', 31);
INSERT INTO course_genie.clo (clo_id, description, name, course_id) VALUES (132, 'Determine the need for queuing implementations.', 'NSSA-441-2', 31);
INSERT INTO course_genie.clo (clo_id, description, name, course_id) VALUES (133, 'Identify congestion prevention policies at OSI layers 2, 3, and 4.', 'NSSA-441-3', 31);
INSERT INTO course_genie.clo (clo_id, description, name, course_id) VALUES (134, 'Identify OSPF single/multiple area networks, election/communications processes, tables, and packets/traffic flows.', 'NSSA-441-4', 31);
INSERT INTO course_genie.clo (clo_id, description, name, course_id) VALUES (135, 'Explain when to use BGP, MPLS, and advanced switching techniques, how they operate, and how to implement them.', 'NSSA-441-5', 31);
INSERT INTO course_genie.clo (clo_id, description, name, course_id) VALUES (136, 'Describe the role of network designers and communicate effectively with all levels of an organization/client.', 'NSSA-443-1', 32);
INSERT INTO course_genie.clo (clo_id, description, name, course_id) VALUES (137, 'Determine existing network traffic patterns and identify possible existing and potential bottlenecks.', 'NSSA-443-2', 32);
INSERT INTO course_genie.clo (clo_id, description, name, course_id) VALUES (138, 'Identify the three layers of the hierarchical design model, the function of each layer, and the network devices used in each layer.', 'NSSA-443-3', 32);
INSERT INTO course_genie.clo (clo_id, description, name, course_id) VALUES (139, 'Describe the role of redundancy/achieving, methods used to test the network design, and develop strategies for optimizing the network throughout.', 'NSSA-443-4', 32);
INSERT INTO course_genie.clo (clo_id, description, name, course_id) VALUES (140, 'Analyze and manage security risk from the individual desktop to the enterprise.', 'NSSA-443-5', 32);
INSERT INTO course_genie.clo (clo_id, description, name, course_id) VALUES (141, 'Describe the challenges in wireless communications that are unique to ad-hoc/sensor networks.', 'NSSA-445-1', 33);
INSERT INTO course_genie.clo (clo_id, description, name, course_id) VALUES (142, 'Describe current technology trends for the implementation and deployment of wireless ad-hoc/sensor networks.', 'NSSA-445-2', 33);
INSERT INTO course_genie.clo (clo_id, description, name, course_id) VALUES (143, 'Discuss the challenges in designing MAC, routing, and transport protocols for wireless ad-hoc/sensor networks.', 'NSSA-445-3', 33);
INSERT INTO course_genie.clo (clo_id, description, name, course_id) VALUES (144, 'Identify and research challenges in the field of sensor and ad-hoc networks and identify how they can be addressed.', 'NSSA-445-4', 33);
INSERT INTO course_genie.clo (clo_id, description, name, course_id) VALUES (145, 'Identify the impacts of growth in sensor and ad-hoc network technologies.', 'NSSA-445-5', 33);


INSERT INTO course_genie.benchmark (benchmark_id, benchmark_type, description, percentage, threshold) VALUES (1, 'Grade', '90% of students achieve grade >= 70%', 90, 70);
INSERT INTO course_genie.benchmark (benchmark_id, benchmark_type, description, percentage, threshold) VALUES (2, 'Grade', '80% of students achieve a grade >= 70%', 80, 70);
INSERT INTO course_genie.benchmark (benchmark_id, benchmark_type, description, percentage, threshold) VALUES (3, 'Grade', '70% of students achieve a grade >= 70%', 70, 70);
INSERT INTO course_genie.benchmark (benchmark_id, benchmark_type, description, percentage, threshold) VALUES (4, 'Grade', '80% of students achieve a grade >= 75%', 80, 75);
INSERT INTO course_genie.benchmark (benchmark_id, benchmark_type, description, percentage, threshold) VALUES (5, 'Grade', '90% of students achieve a grade >= 60%', 90, 60);
INSERT INTO course_genie.benchmark (benchmark_id, benchmark_type, description, percentage, threshold) VALUES (6, 'Grade', '80% of students achieve a grade >= 60%', 80, 60);
INSERT INTO course_genie.benchmark (benchmark_id, benchmark_type, description, percentage, threshold) VALUES (7, 'Mean Score', 'Mean score >= 80%', 80, 80);
INSERT INTO course_genie.benchmark (benchmark_id, benchmark_type, description, percentage, threshold) VALUES (8, 'Mean Score', 'Mean Score >= 75%', 75, 75);
INSERT INTO course_genie.benchmark (benchmark_id, benchmark_type, description, percentage, threshold) VALUES (9, 'Mean Score', 'Mean score >= 70%', 70, 70);


INSERT INTO course_genie.assessment (assessment_id, category, max_points, name, short_name, section_id) VALUES (1, 'Exam', 100, 'Midterm Exam', 'Midterm', 1);
INSERT INTO course_genie.assessment (assessment_id, category, max_points, name, short_name, section_id) VALUES (2, 'Assignment', 50, 'Homework 1', 'HW1', 1);
INSERT INTO course_genie.assessment (assessment_id, category, max_points, name, short_name, section_id) VALUES (3, 'Quiz', 20, 'Quiz 1', 'Q1', 1);
INSERT INTO course_genie.assessment (assessment_id, category, max_points, name, short_name, section_id) VALUES (4, 'Assignment', 50, 'Homework 2', 'HW2', 2);
INSERT INTO course_genie.assessment (assessment_id, category, max_points, name, short_name, section_id) VALUES (5, 'Quiz', 20, 'Quiz 2', 'Q2', 2);
INSERT INTO course_genie.assessment (assessment_id, category, max_points, name, short_name, section_id) VALUES (6, 'Exam', 100, 'Final Exam', 'Final', 3);
INSERT INTO course_genie.assessment (assessment_id, category, max_points, name, short_name, section_id) VALUES (7, 'Assignment', 50, 'Homework 3', 'HW3', 3);
INSERT INTO course_genie.assessment (assessment_id, category, max_points, name, short_name, section_id) VALUES (8, 'Quiz', 20, 'Quiz 3', 'Q3', 4);
INSERT INTO course_genie.assessment (assessment_id, category, max_points, name, short_name, section_id) VALUES (9, 'Project', 100, 'Group Project', 'Project', 4);
INSERT INTO course_genie.assessment (assessment_id, category, max_points, name, short_name, section_id) VALUES (10, 'Assignment', 50, 'Homework 4', 'HW4', 5);
INSERT INTO course_genie.assessment (assessment_id, category, max_points, name, short_name, section_id) VALUES (11, 'Quiz', 40, 'Quiz', 'QZ', 6);
INSERT INTO course_genie.assessment (assessment_id, category, max_points, name, short_name, section_id) VALUES (12, 'hi', 30, 'hi', 'hi', 200);
INSERT INTO course_genie.assessment (assessment_id, category, max_points, name, short_name, section_id) VALUES (13, 'Quiz', 20, 'Quiz', 'QZ', 15);
INSERT INTO course_genie.assessment (assessment_id, category, max_points, name, short_name, section_id) VALUES (14, 'PE', 40, 'Practical Examination', 'PE', 15);
INSERT INTO course_genie.assessment (assessment_id, category, max_points, name, short_name, section_id) VALUES (15, 'Midterm Exam ', 20, 'Midterm Exam', 'ME', 15);
INSERT INTO course_genie.assessment (assessment_id, category, max_points, name, short_name, section_id) VALUES (16, 'Final Exam ', 20, 'Final Exam', 'FE', 15);
INSERT INTO course_genie.assessment (assessment_id, category, max_points, name, short_name, section_id) VALUES (17, 'Quiz', 5, 'Quiz-1', 'QZ1', 27);
INSERT INTO course_genie.assessment (assessment_id, category, max_points, name, short_name, section_id) VALUES (18, 'Quiz', 5, 'Quiz-2', 'QZ2', 27);
INSERT INTO course_genie.assessment (assessment_id, category, max_points, name, short_name, section_id) VALUES (19, 'Quiz', 5, 'Quiz-3', 'QZ3', 27);
INSERT INTO course_genie.assessment (assessment_id, category, max_points, name, short_name, section_id) VALUES (20, 'Quiz', 5, 'Quiz-4', 'QZ4', 27);
INSERT INTO course_genie.assessment (assessment_id, category, max_points, name, short_name, section_id) VALUES (21, 'Practical Exam', 5, 'Practical Exam - 1', 'PE1', 27);
INSERT INTO course_genie.assessment (assessment_id, category, max_points, name, short_name, section_id) VALUES (22, 'Practical Exam', 5, 'Practical Exam - 2', 'PE2', 27);
INSERT INTO course_genie.assessment (assessment_id, category, max_points, name, short_name, section_id) VALUES (23, 'Practical Exam', 5, 'Practical Exam - 3', 'PE3', 27);
INSERT INTO course_genie.assessment (assessment_id, category, max_points, name, short_name, section_id) VALUES (24, 'Practical Exam', 5, 'Practical Exam - 4', 'PE4', 27);
INSERT INTO course_genie.assessment (assessment_id, category, max_points, name, short_name, section_id) VALUES (25, 'Midterm', 20, 'Midterm Exam', 'ME', 27);
INSERT INTO course_genie.assessment (assessment_id, category, max_points, name, short_name, section_id) VALUES (26, 'Project', 20, 'Project ', 'PJ', 27);
INSERT INTO course_genie.assessment (assessment_id, category, max_points, name, short_name, section_id) VALUES (27, 'Final Exam', 20, 'Final Exam', 'FE', 27);
INSERT INTO course_genie.assessment (assessment_id, category, max_points, name, short_name, section_id) VALUES (28, 'Quiz', 5, 'Quiz-1', 'QZ1', 26);
INSERT INTO course_genie.assessment (assessment_id, category, max_points, name, short_name, section_id) VALUES (29, 'Quiz-2', 5, 'Quiz-2', 'QZ2', 26);
INSERT INTO course_genie.assessment (assessment_id, category, max_points, name, short_name, section_id) VALUES (30, 'PE-1', 20, 'Practical Exam', 'PE-1', 26);
INSERT INTO course_genie.assessment (assessment_id, category, max_points, name, short_name, section_id) VALUES (31, 'PE-2', 20, 'Practical Exam', 'PE-2', 26);
INSERT INTO course_genie.assessment (assessment_id, category, max_points, name, short_name, section_id) VALUES (32, 'Final Exam ', 20, 'Final', 'FE', 26);
INSERT INTO course_genie.assessment (assessment_id, category, max_points, name, short_name, section_id) VALUES (33, 'Final Exam ', 20, 'Final', 'FE', 26);


INSERT INTO course_genie.assessment_clo (assessment_id, clo_id) VALUES (13, 20);
INSERT INTO course_genie.assessment_clo (assessment_id, clo_id) VALUES (14, 21);
INSERT INTO course_genie.assessment_clo (assessment_id, clo_id) VALUES (15, 20);
INSERT INTO course_genie.assessment_clo (assessment_id, clo_id) VALUES (15, 21);
INSERT INTO course_genie.assessment_clo (assessment_id, clo_id) VALUES (16, 22);
INSERT INTO course_genie.assessment_clo (assessment_id, clo_id) VALUES (16, 23);
INSERT INTO course_genie.assessment_clo (assessment_id, clo_id) VALUES (17, 81);
INSERT INTO course_genie.assessment_clo (assessment_id, clo_id) VALUES (18, 82);
INSERT INTO course_genie.assessment_clo (assessment_id, clo_id) VALUES (19, 82);
INSERT INTO course_genie.assessment_clo (assessment_id, clo_id) VALUES (19, 81);
INSERT INTO course_genie.assessment_clo (assessment_id, clo_id) VALUES (20, 82);
INSERT INTO course_genie.assessment_clo (assessment_id, clo_id) VALUES (20, 83);
INSERT INTO course_genie.assessment_clo (assessment_id, clo_id) VALUES (21, 81);
INSERT INTO course_genie.assessment_clo (assessment_id, clo_id) VALUES (22, 82);
INSERT INTO course_genie.assessment_clo (assessment_id, clo_id) VALUES (24, 84);
INSERT INTO course_genie.assessment_clo (assessment_id, clo_id) VALUES (23, 83);
INSERT INTO course_genie.assessment_clo (assessment_id, clo_id) VALUES (25, 81);
INSERT INTO course_genie.assessment_clo (assessment_id, clo_id) VALUES (25, 82);
INSERT INTO course_genie.assessment_clo (assessment_id, clo_id) VALUES (25, 83);
INSERT INTO course_genie.assessment_clo (assessment_id, clo_id) VALUES (26, 83);
INSERT INTO course_genie.assessment_clo (assessment_id, clo_id) VALUES (26, 84);
INSERT INTO course_genie.assessment_clo (assessment_id, clo_id) VALUES (26, 85);
INSERT INTO course_genie.assessment_clo (assessment_id, clo_id) VALUES (27, 81);
INSERT INTO course_genie.assessment_clo (assessment_id, clo_id) VALUES (27, 82);
INSERT INTO course_genie.assessment_clo (assessment_id, clo_id) VALUES (27, 83);
INSERT INTO course_genie.assessment_clo (assessment_id, clo_id) VALUES (27, 84);
INSERT INTO course_genie.assessment_clo (assessment_id, clo_id) VALUES (27, 85);
INSERT INTO course_genie.assessment_clo (assessment_id, clo_id) VALUES (30, 81);
INSERT INTO course_genie.assessment_clo (assessment_id, clo_id) VALUES (31, 82);
INSERT INTO course_genie.assessment_clo (assessment_id, clo_id) VALUES (32, 81);
INSERT INTO course_genie.assessment_clo (assessment_id, clo_id) VALUES (32, 85);
INSERT INTO course_genie.assessment_clo (assessment_id, clo_id) VALUES (33, 83);
INSERT INTO course_genie.assessment_clo (assessment_id, clo_id) VALUES (33, 84);
INSERT INTO course_genie.assessment_clo (assessment_id, clo_id) VALUES (33, 85);
INSERT INTO course_genie.assessment_clo (assessment_id, clo_id) VALUES (29, 82);
INSERT INTO course_genie.assessment_clo (assessment_id, clo_id) VALUES (29, 83);
INSERT INTO course_genie.assessment_clo (assessment_id, clo_id) VALUES (28, 83);


